model,logical_id,physical_id,branch,predicate_classes,classes_activation_ge_1pct,classes_selection_ge_1pct,classes_selection_ge_5pct,mean_class_activation_frequency,std_class_activation_frequency,mean_class_selection_frequency,std_class_selection_frequency,selection_class_entropy,selection_class_hhi,representative_samples
vit,1339,571,-,216,128,98,38,0.08904739238988164,0.1703636497440947,0.047983737125984756,0.11546843211010781,0.7397146910281086,0.03143887860850838,class=709:n03908618.pkl:1;n03908618.pkl:5;n03908618.pkl:6|class=878:n04505470.pkl:0;n04505470.pkl:2;n04505470.pkl:4|class=724:n03947888.pkl:0;n03947888.pkl:1;n03947888.pkl:2
vit,192,192,+,204,135,102,42,0.09175970375330997,0.15023154388104257,0.04326478275766819,0.09537886699812684,0.7800684498882131,0.028725435029407123,class=155:n02086240.pkl:1;n02086240.pkl:3;n02086240.pkl:4|class=222:n02104029.pkl:1;n02104029.pkl:3;n02104029.pkl:4|class=102:n01872401.pkl:1;n01872401.pkl:2;n01872401.pkl:3
vit,114,114,+,164,94,74,31,0.1074686702771431,0.18697718214560566,0.050913321142580265,0.12840276951486204,0.7213233886809495,0.04488062159649119,class=290:n02128925.pkl:0;n02128925.pkl:2;n02128925.pkl:3|class=289:n02128757.pkl:2;n02128757.pkl:4;n02128757.pkl:5|class=165:n02089078.pkl:1;n02089078.pkl:2;n02089078.pkl:4
vit,864,96,-,89,57,44,25,0.16783856092439672,0.25321368153047374,0.08920863455139005,0.20440027332789618,0.6882839743720143,0.07022334142788896,class=351:n02422106.pkl:0;n02422106.pkl:1;n02422106.pkl:2|class=387:n02509815.pkl:1;n02509815.pkl:2;n02509815.pkl:3|class=319:n02268443.pkl:1;n02268443.pkl:2;n02268443.pkl:4
vit,279,279,+,183,106,76,37,0.09244930065818013,0.17056046773824463,0.04648937421249264,0.10800294039594391,0.7426696291044387,0.03495705424727309,class=992:n12998815.pkl:0;n12998815.pkl:1;n12998815.pkl:2|class=72:n01773157.pkl:1;n01773157.pkl:2;n01773157.pkl:4|class=995:n13044778.pkl:6;n13044778.pkl:7;n13044778.pkl:8
vit,1045,277,-,158,90,69,35,0.10600021013823092,0.18179060510465836,0.052807652452930086,0.11585417297084015,0.7418675614123911,0.03679210566376008,class=200:n02097474.pkl:1;n02097474.pkl:2;n02097474.pkl:3|class=944:n07718747.pkl:0;n07718747.pkl:1;n07718747.pkl:2|class=997:n13054560.pkl:0;n13054560.pkl:1;n13054560.pkl:3
vit,592,592,+,191,115,85,33,0.07557709382012108,0.13560777991298045,0.03713854905719709,0.08829894414951073,0.7626180142338853,0.034831245679231626,class=55:n01729977.pkl:0;n01729977.pkl:1;n01729977.pkl:2|class=2:n01484850.pkl:0;n01484850.pkl:3;n01484850.pkl:4|class=607:n03590841.pkl:1;n03590841.pkl:2;n03590841.pkl:5
vit,1249,481,-,109,81,56,27,0.15300058574159162,0.2055719312353207,0.059717471674063355,0.119867662437548,0.753858133336645,0.046137953461812514,class=874:n04487081.pkl:1;n04487081.pkl:3;n04487081.pkl:4|class=4:n01494475.pkl:0;n01494475.pkl:1;n01494475.pkl:2|class=776:n04141076.pkl:2;n04141076.pkl:3;n04141076.pkl:4
resnet,1344,1344,+,8,8,8,6,0.6529842841842186,0.280619517177304,0.36622497635779666,0.3550167931729567,0.7653519807989534,0.24246592074724327,class=219:n02102318.pkl:0;n02102318.pkl:1;n02102318.pkl:3|class=220:n02102480.pkl:3;n02102480.pkl:4;n02102480.pkl:5|class=217:n02102040.pkl:4;n02102040.pkl:6;n02102040.pkl:7
resnet,1254,1254,+,8,8,7,5,0.5373955821506274,0.35201612497246776,0.23829597886186638,0.32311466469952344,0.6363640878733047,0.3548211129462637,class=273:n02115641.pkl:0;n02115641.pkl:1;n02115641.pkl:2|class=269:n02114367.pkl:0;n02114367.pkl:1;n02114367.pkl:3|class=271:n02114712.pkl:0;n02114712.pkl:3;n02114712.pkl:8
resnet,1347,1347,+,7,7,5,5,0.6115439885359839,0.3870452700398541,0.44983765114208385,0.44796818262426186,0.6918978891029263,0.2845293605209094,class=166:n02089867.pkl:0;n02089867.pkl:1;n02089867.pkl:2|class=161:n02088238.pkl:0;n02088238.pkl:2;n02088238.pkl:3|class=162:n02088364.pkl:0;n02088364.pkl:1;n02088364.pkl:2
resnet,747,747,+,7,6,5,5,0.6233295341459714,0.43885184133849153,0.5129807334345361,0.4333190080813756,0.7431236971342804,0.24479026635147477,class=236:n02107142.pkl:0;n02107142.pkl:1;n02107142.pkl:3|class=165:n02089078.pkl:0;n02089078.pkl:1;n02089078.pkl:3|class=234:n02106550.pkl:0;n02106550.pkl:1;n02106550.pkl:2
resnet,18,18,+,6,6,6,5,0.7324720313449907,0.2969946875278538,0.37296039219206456,0.34354399774165983,0.759706785469518,0.30807924937660236,class=239:n02107683.pkl:0;n02107683.pkl:1;n02107683.pkl:2|class=214:n02101006.pkl:0;n02101006.pkl:1;n02101006.pkl:2|class=238:n02107574.pkl:2;n02107574.pkl:3;n02107574.pkl:4
resnet,1456,1456,+,8,7,5,5,0.5689091983158644,0.40168034338806535,0.36352368660997547,0.408957861702313,0.6576188260087168,0.2831982619081542,class=238:n02107574.pkl:0;n02107574.pkl:1;n02107574.pkl:2|class=240:n02107908.pkl:3;n02107908.pkl:4;n02107908.pkl:5|class=241:n02108000.pkl:0;n02108000.pkl:2;n02108000.pkl:3
resnet,785,785,+,7,6,5,3,0.554621501406784,0.4239589608952112,0.33556369072180237,0.4033260578866828,0.5767196063249579,0.349235712636478,class=270:n02114548.pkl:0;n02114548.pkl:1;n02114548.pkl:3|class=257:n02111500.pkl:2;n02111500.pkl:6;n02111500.pkl:7|class=258:n02111889.pkl:3;n02111889.pkl:7;n02111889.pkl:8
resnet,919,919,+,12,10,7,5,0.31064410425932637,0.35981709591749306,0.16588205477019852,0.2879113722925021,0.5345222099078701,0.33437024324842607,class=252:n02110627.pkl:0;n02110627.pkl:1;n02110627.pkl:2|class=199:n02097298.pkl:0;n02097298.pkl:1;n02097298.pkl:2|class=197:n02097130.pkl:0;n02097130.pkl:17;n02097130.pkl:21
convnext,817,817,+,580,547,534,465,0.4276035466665144,0.3081536934720742,0.3470611547600294,0.28962261360043917,0.9389795130753965,0.0029248114387776343,class=57:n01735189.pkl:0;n01735189.pkl:1;n01735189.pkl:2|class=25:n01629819.pkl:0;n01629819.pkl:1;n01629819.pkl:2|class=382:n02494079.pkl:0;n02494079.pkl:1;n02494079.pkl:3
convnext,1715,691,-,334,247,207,127,0.19310540592532932,0.258165331461899,0.11338572861233642,0.1951587251489014,0.8203245969127033,0.01186378870385166,class=688:n03857828.pkl:0;n03857828.pkl:1;n03857828.pkl:2|class=0:n01440764.pkl:0;n01440764.pkl:1;n01440764.pkl:2|class=100:n01860187.pkl:0;n01860187.pkl:1;n01860187.pkl:2
convnext,1426,402,-,228,187,157,104,0.2626138013828492,0.29978629780410254,0.1513674852539971,0.23656550851065694,0.8255532862778814,0.015098760298967995,class=269:n02114367.pkl:0;n02114367.pkl:1;n02114367.pkl:3|class=303:n02168699.pkl:0;n02168699.pkl:1;n02168699.pkl:2|class=885:n04525038.pkl:0;n04525038.pkl:3;n04525038.pkl:4
convnext,448,448,+,323,255,200,103,0.1728375468038218,0.24089941666475725,0.09482427727596619,0.1804601229333088,0.8075576220558499,0.01430895123738631,class=755:n04044716.pkl:0;n04044716.pkl:1;n04044716.pkl:2|class=316:n02256656.pkl:0;n02256656.pkl:1;n02256656.pkl:2|class=322:n02277742.pkl:0;n02277742.pkl:2;n02277742.pkl:4
convnext,1302,278,-,256,191,160,98,0.21066361312009305,0.2634555568264881,0.11176220425352311,0.18718606415499675,0.8200747466199605,0.014863892895471697,class=943:n07718472.pkl:0;n07718472.pkl:1;n07718472.pkl:2|class=951:n07749582.pkl:0;n07749582.pkl:1;n07749582.pkl:2|class=966:n07892512.pkl:0;n07892512.pkl:1;n07892512.pkl:3
convnext,1841,817,-,311,270,242,147,0.15229774838514848,0.17414265535344167,0.09555764003562041,0.1233378762126246,0.8844747459626285,0.008572188196522505,class=585:n03476991.pkl:0;n03476991.pkl:1;n03476991.pkl:4|class=681:n03832673.pkl:0;n03832673.pkl:2;n03832673.pkl:4|class=526:n03179701.pkl:0;n03179701.pkl:1;n03179701.pkl:2
convnext,568,568,+,256,198,168,96,0.19177720528539016,0.24412993342482836,0.10042523630685787,0.17709016287227725,0.8195858376003284,0.016053086471301693,class=579:n03452741.pkl:0;n03452741.pkl:1;n03452741.pkl:2|class=992:n12998815.pkl:0;n12998815.pkl:1;n12998815.pkl:2|class=366:n02480855.pkl:0;n02480855.pkl:2;n02480855.pkl:3
convnext,8,8,+,202,159,126,82,0.2872037623727546,0.3181163813783954,0.14979143844189355,0.23333227446982363,0.8166885615811377,0.016962742689456335,class=901:n04579145.pkl:0;n04579145.pkl:1;n04579145.pkl:2|class=715:n03929855.pkl:0;n03929855.pkl:1;n03929855.pkl:2|class=132:n02009912.pkl:0;n02009912.pkl:1;n02009912.pkl:2
swin,606,606,+,426,368,327,241,0.2592689898210289,0.2701642556143946,0.17841846481253226,0.23072447099623475,0.8808067000766779,0.006272946228013278,class=935:n07711569.pkl:0;n07711569.pkl:1;n07711569.pkl:2|class=59:n01739381.pkl:0;n01739381.pkl:3;n01739381.pkl:4|class=809:n04263257.pkl:0;n04263257.pkl:1;n04263257.pkl:2
swin,775,7,-,296,250,219,150,0.22968954516267076,0.24815174058916134,0.1425930145089862,0.19441529289353782,0.8644675298543502,0.009658566253690475,class=319:n02268443.pkl:1;n02268443.pkl:2;n02268443.pkl:3|class=188:n02095314.pkl:2;n02095314.pkl:3;n02095314.pkl:4|class=973:n09256479.pkl:1;n09256479.pkl:2;n09256479.pkl:3
swin,90,90,+,281,236,199,126,0.20762455307868166,0.2422189195366936,0.1291049174408003,0.1963014493594274,0.8452037242751802,0.01178597699692394,class=79:n01784675.pkl:0;n01784675.pkl:1;n01784675.pkl:2|class=302:n02167151.pkl:0;n02167151.pkl:1;n02167151.pkl:2|class=300:n02165105.pkl:0;n02165105.pkl:1;n02165105.pkl:2
swin,1330,562,-,262,202,173,106,0.2046622122440319,0.24861639361637586,0.12395452553737162,0.20271815948209926,0.8251999603975955,0.014025230660356075,class=218:n02102177.pkl:0;n02102177.pkl:1;n02102177.pkl:2|class=993:n13037406.pkl:0;n13037406.pkl:1;n13037406.pkl:2|class=781:n04149813.pkl:0;n04149813.pkl:2;n04149813.pkl:3
swin,820,52,-,233,207,166,96,0.22874109422966482,0.25355971317504894,0.12633714862687478,0.20138231887563107,0.8296152558136924,0.015196818930252034,class=886:n04525305.pkl:1;n04525305.pkl:2;n04525305.pkl:4|class=155:n02086240.pkl:0;n02086240.pkl:2;n02086240.pkl:3|class=453:n02870880.pkl:1;n02870880.pkl:2;n02870880.pkl:3
swin,245,245,+,229,201,166,103,0.24223365024225094,0.24514697929941195,0.1252468277051979,0.18394023084713262,0.8472707915718675,0.013785372093881232,class=741:n03998194.pkl:0;n03998194.pkl:1;n03998194.pkl:3|class=884:n04523525.pkl:1;n04523525.pkl:2;n04523525.pkl:5|class=640:n03717622.pkl:0;n03717622.pkl:1;n03717622.pkl:2
swin,956,188,-,228,186,147,91,0.20540914465655555,0.2508089694367833,0.12330617325907246,0.20220305276941128,0.8197767266449971,0.016180231213619854,class=436:n02814533.pkl:0;n02814533.pkl:1;n02814533.pkl:2|class=679:n03814906.pkl:0;n03814906.pkl:1;n03814906.pkl:2|class=645:n03733131.pkl:0;n03733131.pkl:1;n03733131.pkl:2
swin,1360,592,-,210,181,141,89,0.20800462168284453,0.24194114314763498,0.12253384611473166,0.19240667729471073,0.8290166501235551,0.016503006570321086,class=992:n12998815.pkl:0;n12998815.pkl:1;n12998815.pkl:2|class=952:n07753113.pkl:0;n07753113.pkl:1;n07753113.pkl:2|class=288:n02128385.pkl:0;n02128385.pkl:1;n02128385.pkl:2
